rsid,CHR,BP,Ref,Alt,marginal.beta,marginal.se,marginal.p,bi.beta,bi.se,bi.p
rs4295917,1,32173360,G,A,-0.0155731878531749,0.00733717932637234,0.0338037799651879,-0.020412399728226,0.00423652827672204,1.44866121083079e-06
rs945211,1,32191798,G,C,-0.0130860923447773,0.00726864809476826,0.0718160860628299,-0.0199308321127956,0.00419603686971709,2.0349889509036e-06
rs61798841,1,33229127,G,A,-0.0446520640745313,0.00888069409006853,4.98538011648812e-07,-0.0220027638460635,0.00513769919669751,1.84713459178327e-05
rs6694085,1,33231380,G,T,-0.0399731768613513,0.00931344136290417,1.77644271977232e-05,-0.0243349459177399,0.00538461535124758,6.20306187691211e-06
rs11210563,1,42494633,G,T,0.0183708986713971,0.00789104450981184,0.0199153785691988,0.0202129321456523,0.00456303120830889,9.43572843228262e-06
rs12030508,1,43230212,T,A,0.00885644021658021,0.00757408060015373,0.242288618612177,0.0195672604774482,0.00437158142599341,7.60494338800356e-06
rs33953680,1,43296195,T,C,0.00870826166628925,0.0078022717154049,0.26438040530207,0.0203117058910598,0.00450728198094292,6.59305105405836e-06
rs17386017,1,43297082,G,T,0.010391683621763,0.0077916929804149,0.182316566042998,0.0210301405040693,0.00450252408954408,3.00109749641346e-06
rs11806197,1,77964855,G,A,0.0207055479529799,0.00898077227672054,0.0211431506136849,0.0261056341880285,0.00517945939632298,4.64987915648614e-07
rs1166698,1,78392446,A,G,-0.0242364403353943,0.00866571146063234,0.00516417035813703,-0.0228961449092078,0.00499497242850625,4.56517768208867e-06
rs12139715,1,171505524,A,G,-0.016595242504943,0.00964139243826732,0.0852160448736039,-0.0254919090713115,0.00555620533618837,4.47497600570689e-06
rs36055936,1,177816796,T,G,0.0316760891678415,0.00864875007340854,0.000250197126665906,0.0291231669227374,0.00499255066056333,5.43338282813958e-09
rs633715,1,177852580,C,T,0.0361361712957267,0.00863733932059644,2.87612107677171e-05,0.0317691263841372,0.00498236538912684,1.81400771116481e-10
rs574367,1,177873210,T,G,0.0361000914376772,0.00863493347702757,2.9144628438705e-05,0.0331311612990585,0.00497762001003793,2.8133316221346e-11
rs543874,1,177889480,G,A,0.0379561209113722,0.00869078444810168,1.26162639560293e-05,0.0347910259221684,0.0050119342261814,3.87583273635772e-12
rs10913469,1,177913519,C,T,0.0375721387573453,0.00869778615792609,1.56725076806009e-05,0.0352469517379781,0.00501667938848178,2.12610590289708e-12
rs4951261,1,205717823,C,A,0.0184163267248229,0.00714543880503837,0.00996079363921046,0.020494541916347,0.00412789813029754,6.87415841846292e-07
rs2819522,1,227668181,G,A,-0.0283097130387153,0.00871075915475587,0.00115545940358226,-0.0236434128887761,0.00502940598316764,2.58846307274674e-06
rs2947411,2,614168,A,G,-0.0280834476302539,0.00920408814007852,0.00228136070355772,-0.0332983877895037,0.00531983781026711,3.86743357532172e-10
rs2867125,2,622827,T,C,-0.0281411377451308,0.00924984030066812,0.00234954176209688,-0.0324108550088576,0.0053462151318258,1.34111367480738e-09
rs11127485,2,632028,C,T,-0.0249086657934468,0.00925927884776613,0.00714643772126579,-0.0310312579770972,0.00535195832576865,6.70653453229076e-09
rs6548238,2,634905,T,C,-0.0262565980637119,0.00925728097144521,0.00456678964822458,-0.0318355318608905,0.005354055128992,2.74673870274813e-09
rs13393304,2,637830,A,G,-0.0255089460961576,0.00929601782346097,0.00607187913027567,-0.0322781421364498,0.00537318675089579,1.88682147355297e-09
rs7561317,2,644953,A,G,-0.024397832244008,0.00923296968668712,0.00823474511504805,-0.0311367443424087,0.00533846086932124,5.45925005604001e-09
rs56412670,2,33585135,C,T,0.0163639349829625,0.00989029129846286,0.0980274612787466,0.0252469371892415,0.00570199189289087,9.52256200930895e-06
rs3755197,2,36757349,T,G,0.0245072149164225,0.0073939017852654,0.000919120335569159,0.0200879483039714,0.00426449099145093,2.47091748313615e-06
rs12620308,2,36769028,A,G,0.0283016765588183,0.00753968947522915,0.000174588655805157,0.0199593149428,0.00435614713769658,4.60828737903636e-06
rs6545695,2,58849989,A,G,-0.0118812750055321,0.00718846972979689,0.0983773513191788,-0.0188371252044816,0.00415351110462321,5.75409401932847e-06
rs10172678,2,59294558,T,C,0.00579101370431481,0.00720701878889203,0.421678314715624,0.0186971898793017,0.00415695019952319,6.86556360324588e-06
rs4851287,2,100915772,A,G,0.0229426892106828,0.00736222429999503,0.00183329393987854,0.0188336226487124,0.00424473554127113,9.12481376077178e-06
rs1866198,2,100917739,C,A,0.0195432746464932,0.00702151968237264,0.00538367045673572,0.0187742774077251,0.00405431906318106,3.64456703884651e-06
rs17654748,2,101512505,A,G,-0.0170311810552895,0.00782112145721473,0.0294446160500048,-0.0208107438429013,0.00451440307986451,4.02949813935372e-06
rs13028571,2,181539474,A,G,-0.0159575706580458,0.0072099440006794,0.026886480358224,-0.020510026548922,0.00416571094824452,8.49943645688462e-07
rs11679338,2,181606895,C,T,-0.0151459097113498,0.00738488441700049,0.0402821979091169,-0.0224290341290563,0.0042672025375273,1.47106538529885e-07
rs6435939,2,217240630,C,T,-0.0174303981188833,0.00702436191215536,0.0130914971384345,-0.0179340446333097,0.00405700243813449,9.84654445143048e-06
rs10209821,2,228980358,T,C,0.0201103677556026,0.0074033626914409,0.00660380157730518,0.0218784038481581,0.00427247904142595,3.042825334703e-07
rs4500930,2,228985505,T,C,0.0196835849469851,0.00739772733898919,0.00780064445033869,0.021283629762828,0.00427099290472153,6.25096148012093e-07
rs4353645,2,228996470,G,A,0.019644525534121,0.00741319451827564,0.0080548871147948,0.0207562390281409,0.00427922384019624,1.2317039970058e-06
rs34170355,3,16009014,T,C,-0.0270722736640999,0.0112629130397069,0.0162377489517469,-0.0314524141759548,0.00650275993806229,1.31959854983785e-06
rs76934051,3,16041102,T,C,-0.0289985072075648,0.0109774143774422,0.00825462515279795,-0.0313937914347335,0.00633422903077515,7.18802294065513e-07
rs7372966,3,49788969,T,C,0.0241408032888539,0.00703670221590883,0.000602853252214314,0.018044702471626,0.00406180775245655,8.89072653027687e-06
rs695238,3,49869158,C,A,0.0235680975871462,0.00707960537151451,0.00087261784599092,0.0189293599892902,0.00408472934934244,3.58359781499513e-06
rs1406779,3,131750352,T,C,0.0109360715395081,0.00756882788943455,0.148501334890825,0.021369963175789,0.00436687227544814,9.89806561519911e-07
rs13076253,3,131751775,C,A,0.0159732621795439,0.010058916918531,0.112303730035752,0.0263811140974047,0.00581190005013633,5.64801578497439e-06
rs13434224,3,141055841,A,G,0.0187189692284569,0.00751863527549468,0.0127914135599509,0.0211611123474067,0.00434405672007198,1.1087812866584e-06
rs9857275,3,141078188,A,C,0.0176156833817405,0.00749326178712188,0.0187361203689182,0.0197308897422334,0.00432873693303838,5.16142643100954e-06
rs6807935,3,141114293,G,A,0.0173914195471755,0.0073569016285051,0.0180872068481471,0.019416027703151,0.00425260923214395,4.97891843724104e-06
rs7612543,3,141158212,T,G,0.0172215829032009,0.00705525333737767,0.0146541701633884,0.0202270962394348,0.00407385634400822,6.86663650841113e-07
rs6808837,3,141217954,C,T,0.0204915307907175,0.00715010540069081,0.00416111439459738,0.0219083366741084,0.00412859656341664,1.11759213657773e-07
rs295301,3,141338641,A,G,0.02007037549533,0.00730961708380193,0.00604093999791814,0.0204326879316983,0.00422184725866741,1.30002148698279e-06
rs1452374,4,82282233,C,T,0.0197450450927455,0.00753303665018978,0.0087684531203409,0.0196066141404316,0.00435137534528066,6.61099553640878e-06
rs2221628,4,122795361,A,G,0.0174238813631436,0.00757187884612468,0.0213911839226761,0.0206902076460499,0.00437388242901374,2.24079347203616e-06
rs13328066,4,177055175,T,G,-0.036197656019971,0.00818839468784593,9.87773426059785e-06,-0.0152612533926364,0.00472915565921057,0.00125070679517033
rs7693453,4,177082069,C,G,-0.0357229577280708,0.00806419793828635,9.46500888401351e-06,-0.0115367318892638,0.00465481611807129,0.0131954375250792
rs7715779,5,32690199,G,T,0.0224449675017207,0.00727235518085669,0.00202824030910205,0.0186957336014846,0.00420323637932454,8.66986611526849e-06
rs12654264,5,74648603,T,A,-0.0110570960020521,0.00723587706822492,0.126500071060467,-0.0232172950748052,0.00417832305518083,2.7507065870416e-08
rs3846663,5,74655726,T,C,-0.0111686573263976,0.00724143238826904,0.123004841032076,-0.022420648753075,0.00418201831905268,8.26695973662941e-08
rs12916,5,74656539,C,T,-0.00967614946914725,0.00715260199306377,0.176124987936643,-0.0208193637951281,0.00412997675458845,4.63016999819669e-07
rs253410,5,74928293,A,T,-0.0122436375642803,0.00864065075015706,0.156499042392314,-0.0232902115622517,0.00499033866508208,3.05539654768807e-06
rs34342,5,74934213,T,G,-0.012698635479961,0.00863713452068028,0.14150819815346,-0.0233865190004305,0.00498520992155225,2.71633348604474e-06
rs34358,5,74965122,G,A,-0.0177526521892463,0.00737071083291135,0.0160225586963268,-0.0267228829270536,0.00425743257181459,3.45700834719185e-10
rs4703676,5,74979866,C,G,-0.0188573038834634,0.00850600776487116,0.0266348135112744,-0.0242182749627657,0.00491219256801279,8.21297964038469e-07
rs888789,5,74988369,G,A,-0.0159931212994075,0.00702140428977132,0.0227476240237946,-0.0221887244379938,0.00405770596895211,4.54390760240828e-08
rs66493518,5,74990125,C,G,-0.0149582053986844,0.00782524802730595,0.0559460962259966,-0.0222145826413912,0.00452007192035328,8.89400844500177e-07
rs2112347,5,75015242,G,T,-0.0215916356673888,0.00733557089969194,0.00324865591169658,-0.02839299676347,0.0042345527645847,2.01302009741254e-11
rs258494,5,75038718,C,G,-0.0194545755155971,0.00727243254228837,0.00747453315684569,-0.0226454952355946,0.00420114820830851,7.03358693367188e-08
rs252793,5,77349804,C,T,-0.0244744267375574,0.00845439231713584,0.0037958671187898,-0.0243500034739058,0.00487100220496487,5.76367806297102e-07
rs7378759,5,77438686,T,C,-0.0310760740765116,0.00831181471204059,0.000185262305881328,-0.0234797070257709,0.00479284656807702,9.63715059292586e-07
rs17419291,5,87780432,C,T,-0.0057422308595755,0.0124811282695211,0.645467163325569,-0.0369136797862834,0.00719970427534888,2.94222759374542e-07
rs17156671,5,103905410,A,C,0.0179118271870601,0.00703078477467847,0.0108508142675092,0.0191696076747063,0.00405735095369795,2.30499579735685e-06
rs2447828,5,103947205,T,C,0.01567294697299,0.00709027262861904,0.0270791174318787,0.0217686844640897,0.00409442208814181,1.05684422161382e-07
rs1582931,5,122657199,A,G,-0.0263633878549023,0.00722356540901236,0.000263091927656155,-0.0254247176334539,0.00417080497397443,1.08838505182975e-09
rs1047440,5,122681834,T,C,-0.0264409733022358,0.00702072789306935,0.000166118845759804,-0.0224549486129676,0.00405974692149732,3.18192000527467e-08
rs6876883,5,122727026,A,G,-0.0260071441451698,0.00702733546621048,0.000215264780250355,-0.02309215515482,0.004062771961298,1.31701723698064e-08
rs17621442,5,130205555,C,T,-0.011391503319626,0.00835048097710797,0.172523421826243,-0.0213700570147946,0.00482314159988992,9.39129178760677e-06
rs9460501,6,20414686,G,A,0.0226976471482215,0.00731181356730138,0.00190952343940901,0.0199901155112387,0.00422116360942309,2.18312799768067e-06
rs2071300,6,25914572,C,T,0.0190590730305585,0.00699056915329869,0.00640675194662419,0.019224090436906,0.00404124491762077,1.96518049070061e-06
rs9467636,6,25919549,C,A,-0.0195044727758688,0.00722658560107285,0.00695903279314145,-0.0213032920048497,0.00417255396407349,3.29788145383402e-07
rs2051541,6,25945211,A,G,0.0187095795783342,0.00699005482843426,0.0074414428000241,0.0180858265950658,0.00404025040418328,7.59078291501386e-06
rs199725,6,25953684,A,G,0.022386456524193,0.00776800778267326,0.00395597824643211,0.0200856229348112,0.00448664560270572,7.57853600216697e-06
rs3752420,6,26027135,A,G,-0.0104667263045752,0.00718886125776228,0.145413132369466,-0.0200872135548928,0.00415329083971635,1.32173688949614e-06
rs707891,6,26106237,T,G,-0.0251746631617957,0.00952040875256646,0.00819072122225884,-0.0265045798114423,0.00549980395128144,1.44144911695364e-06
rs707896,6,26116424,A,G,-0.0278170581491412,0.00949919553737166,0.00341016003004383,-0.0271040680624209,0.0054835285128176,7.70024693622582e-07
rs707898,6,26117220,C,T,-0.0260809205473911,0.00952214616670415,0.00616680238402912,-0.0283785169772841,0.00550209341877566,2.4991206566058e-07
rs1773284,6,26122453,A,C,-0.026264472849525,0.0095271248149104,0.00584040365296012,-0.027983208918561,0.00550361310406563,3.68564688407562e-07
rs1773285,6,26122699,T,G,-0.0262320956291002,0.00954516846485037,0.00599586168592229,-0.02840220588975,0.00551285735149556,2.57731809435188e-07
rs1009181,6,26158993,C,T,-0.0235292786738085,0.00725775580193069,0.00118846590071362,-0.021082390895261,0.00418684444500656,4.76879147690527e-07
rs4486004,6,26167710,T,G,-0.0284755572075737,0.00856392682080304,0.000885093888997202,-0.0339938084290499,0.00494746452736772,6.37733031381211e-12
rs2066295,6,26168903,G,A,-0.0316619689676172,0.00836786661917442,0.000154783599588835,-0.0348264728554211,0.00483135562236508,5.66020271264395e-13
rs9379830,6,26173767,C,T,-0.0300076930625459,0.00846742197891312,0.000394864913899673,-0.0342764948325583,0.0048895243789947,2.37994730110601e-12
rs7766641,6,26184102,A,G,-0.0341668851358216,0.00818388256699955,2.98986054210278e-05,-0.0372634297029566,0.00472306604850566,3.02988086010549e-15
rs2893820,6,26295686,A,G,-0.0208489080808863,0.00754042656670995,0.00569674421239954,-0.0215712283919784,0.00434966913322831,7.07548198931729e-07
rs4412193,6,26338056,G,A,-0.0201970227637073,0.00737676959607236,0.00618663143602842,-0.0223628859113279,0.00425896377077046,1.51455689723589e-07
rs12200782,6,26403036,G,C,-0.0168117435469315,0.0114706542401635,0.142759598086004,-0.0293456125940713,0.00662946689445893,9.57558153626977e-06
rs4713420,6,30993567,T,G,0.0152016478769141,0.00912672594464833,0.0957999200315906,0.0251546855646843,0.00526931883458323,1.80779991549807e-06
rs2282850,6,33267103,T,C,0.0239307459976607,0.00879982661501069,0.00654274598087681,0.0228987979457203,0.00508277766619364,6.63185690586882e-06
rs73405681,6,34453626,G,A,0.0324317655023153,0.0123601207427962,0.00869730593406031,0.0349260758195804,0.00713704369797735,9.89911320095428e-07
rs78380702,6,34455509,C,T,0.0360814545599674,0.0116781256668694,0.00200570822106779,0.0345449639997658,0.00674822018945881,3.06960972951142e-07
rs77579349,6,34480473,A,C,0.0391263964813357,0.0124429951474046,0.00166563521967643,0.0387465233572568,0.00719056832108385,7.10401404010387e-08
rs41312309,6,34498328,T,C,0.0509557382720213,0.0121926695146213,2.93362195407817e-05,0.0387815982924361,0.00705326654792517,3.83278195431069e-08
rs6919434,6,34498923,T,C,0.0503627828446685,0.0122057360681821,3.69886801505931e-05,0.0393598469604569,0.0070629647618408,2.50808389023176e-08
rs77587944,6,34503644,G,T,0.0474099469216178,0.0117701060063219,5.63953070164381e-05,0.0387893507434416,0.00680945141818538,1.22364482874764e-08
rs2744962,6,34594440,A,G,0.0206641892982218,0.00849018022935109,0.0149433044985216,0.0303584498552853,0.0049109908901903,6.34004340314349e-10
rs3800461,6,34616322,C,G,0.0328959651170062,0.0110329225274723,0.00286962959973662,0.0348306088576225,0.00637099626034932,4.57565238789383e-08
rs2814993,6,34618893,A,G,0.0327502674910853,0.0100755730224871,0.00115346526867758,0.0417343443987539,0.00581936790807896,7.41108593836596e-13
rs6932930,6,34677103,G,A,0.019240474889309,0.00839191347513349,0.0218699809650908,0.0297768678432162,0.00485064758576559,8.31781988074395e-10
rs6938239,6,34683635,G,A,0.0343744463985499,0.0100806522374862,0.000650633430800604,0.0417710803733749,0.00582459497380376,7.41806682549432e-13
rs16894959,6,34825662,C,T,0.0309802534385957,0.0100906443257195,0.00214112647864032,0.040508975292268,0.00582674968852465,3.59525354187572e-12
rs9469913,6,34827085,T,A,0.0263769153720744,0.00954634873863403,0.00573019274307598,0.0358223199564994,0.0055168937222492,8.40294179371834e-11
rs3822921,6,35057331,A,G,0.0262267102789843,0.0107881266534899,0.0150601404604204,0.0275557655961623,0.00622711315654824,9.63856315075983e-06
rs11755266,6,35162141,T,C,0.0327010804223785,0.0119928869412911,0.00640076792603249,0.033335876481268,0.00692298188786142,1.4701699818321e-06
rs36018387,6,35386872,T,C,0.0349414207783103,0.0114514994653497,0.00228090652062552,0.0394110217497992,0.00660851973046035,2.46636679353662e-09
rs987237,6,50803050,G,A,0.0216582188338398,0.00915993334720527,0.0180632118401381,0.0264493967712434,0.00528819079798833,5.68574843859904e-07
rs734597,6,50836279,A,G,0.0258126972410019,0.00936203300322074,0.00583401878505984,0.0254081476851972,0.00541129302685467,2.66094561058395e-06
rs9473932,6,50857995,A,G,0.0227121963666894,0.00774487922289051,0.00336455593247514,0.0241801098193901,0.00447771973832133,6.66057944955811e-08
rs4715210,6,50897251,T,C,0.0266053719408626,0.00936296086785096,0.00449247530545763,0.025525298350018,0.00540804756126644,2.35991789389489e-06
rs190759,6,50987768,A,G,-0.0229657088920653,0.00922236736794586,0.012771911241565,-0.0238044778880252,0.00531941102605217,7.64036792767294e-06
rs9352662,6,79541491,G,A,-0.0184589306695514,0.00724760754279295,0.0108734843527209,-0.0184986222116127,0.00418442381861665,9.83229554652546e-06
rs9443648,6,79853605,A,G,0.0224795312540668,0.00708188389799292,0.00150388698792977,0.0180639117572947,0.0040865649112047,9.85562835011009e-06
rs627705,6,140241272,A,G,-0.0226973995631416,0.00789030362784453,0.00402248954386285,-0.0205754750332268,0.0045573634305607,6.33837257594867e-06
rs2050717,6,140369781,C,T,-0.0259066573000139,0.00785622982395969,0.000976326210223201,-0.0217088085939313,0.00453894228188722,1.72878551503862e-06
rs2234693,6,152163335,C,T,0.0199324963690474,0.0070678848227935,0.00480331836073866,0.0188754078534615,0.00407777874592247,3.67709946570662e-06
rs9340799,6,152163381,G,A,0.01559056991814,0.00735353212145089,0.0340019526291911,0.0190575798782211,0.00424262815461254,7.05813122433588e-06
rs10950842,7,2753929,C,A,0.0087265473340279,0.0070561713629179,0.216198825309071,0.0186849768190105,0.00407420410308307,4.51459442306974e-06
rs798560,7,2758309,G,A,-0.00814573927967705,0.00769548555038114,0.289832189275357,-0.0214894255359319,0.00444082729445662,1.30455281631639e-06
rs798544,7,2763102,T,C,-0.00886809843568082,0.00767585216706838,0.247966991572533,-0.0216791610956016,0.00443110769243929,9.95669179377176e-07
rs798502,7,2789880,C,A,-0.0108676599473591,0.00772348565131223,0.159410504375158,-0.0222774119598521,0.00445787702476238,5.81343193610951e-07
rs798497,7,2795957,G,A,-0.0119298973732968,0.00767404291560781,0.120057360307433,-0.0238035818280416,0.00442890744700426,7.67551987412031e-08
rs1182188,7,2869985,C,T,-0.00838228550109941,0.00765511447794392,0.273529267889599,-0.0226800207540319,0.00441656963315125,2.81826364166775e-07
rs1182183,7,2873136,T,C,-0.00887574447134611,0.00768874618519126,0.248353229395097,-0.023340593102985,0.00443799139914378,1.44628741460162e-07
rs1182143,7,2912928,C,T,-0.00948041735893858,0.0077458525835712,0.220986743524803,-0.0240152319252853,0.0044673159430767,7.62590315965904e-08
rs852392,7,5572132,A,G,0.0399201755437308,0.00850769178471231,2.71432623328455e-06,0.0133001195010192,0.00491387523740356,0.0067966741446972
rs42041,7,92246744,G,C,0.0166295998747933,0.00819916835719978,0.0425482032521652,0.0256450117492562,0.00472685553660019,5.78297106061432e-08
rs2282978,7,92264410,C,T,0.0121409035945205,0.00756926843432245,0.108730647669391,0.0229803518484759,0.00436126241526983,1.37021674865685e-07
rs1526663,8,77201338,G,A,0.0260913918171061,0.00702095310577949,0.000202601560926466,0.0195313379738183,0.0040584251061457,1.49023148401775e-06
rs1426172,8,95615216,G,A,-0.0205096153117818,0.00751141810825693,0.0063283815289162,-0.0233451456286908,0.00433875936209712,7.42363694689928e-08
rs10758424,9,37100694,G,A,0.0314323910297173,0.00703629749686378,7.95521842121612e-06,0.0132953304174367,0.00406093139150981,0.0010605130084038
rs12217775,10,102646010,G,A,0.016024996569466,0.00707718398119427,0.0235617712045041,0.0180697922505222,0.00408885388936432,9.90300465894573e-06
rs2883039,11,27573697,T,C,-0.0255417222632816,0.00825384332940494,0.00197312564612662,-0.0217771810581404,0.00476964204591526,4.97618178044364e-06
rs1906654,11,27574408,A,G,-0.0256087977178698,0.00825265770237713,0.00191687352741874,-0.0212624566428125,0.00476857351041664,8.23922853155977e-06
rs1488830,11,27636885,C,T,-0.0347597950449585,0.00875409710236591,7.18347020925733e-05,-0.0275848192672722,0.00505035885225495,4.70926568559024e-08
rs4074134,11,27647285,T,C,-0.0336617470642679,0.00876171882795515,0.000122334924108569,-0.0276008065601235,0.00505872899928303,4.86773451512305e-08
rs36029218,11,27648371,T,A,-0.0335777000453878,0.00876641074022812,0.000128268548081713,-0.0275123648437128,0.00506193890200365,5.47523187107875e-08
rs4923457,11,27648580,T,A,-0.0343841345357371,0.00876288586642074,8.73468650033631e-05,-0.0278316873000826,0.00505881501969488,3.76313376155176e-08
rs4923460,11,27656789,T,G,-0.0337674095822858,0.00879401201718493,0.000123382057241951,-0.0280117752571129,0.00507653867168847,3.43096646423376e-08
rs4923461,11,27656910,G,A,-0.0354484427429288,0.0087832891360617,5.45311841423478e-05,-0.0291063391548703,0.00507339227523356,9.63360118314241e-09
rs925946,11,27667202,T,G,0.032479146775904,0.00757892849965036,1.82944147317127e-05,0.0267933013098071,0.004372618653166,8.92602725306157e-10
rs6265,11,27679916,T,C,-0.037605252002566,0.00903766100396054,3.17823583971439e-05,-0.0318315126559847,0.00521556225534676,1.03978952413735e-09
rs17309930,11,27748493,A,C,0.0315818693280861,0.00867396907509315,0.00027205159990806,0.0258925436046168,0.00500779250320864,2.3353024017952e-07
rs689233,11,30270667,G,A,0.0147090311522894,0.00737145009998563,0.0460078501255152,0.0193165793128113,0.00425496727036091,5.63152135889798e-06
rs667511,11,30425655,A,G,0.0100854495489115,0.00722818344586958,0.16293740227111,0.0211058763313011,0.00417258991054332,4.23188795593056e-07
rs2862996,11,43653833,G,T,0.0244707602487976,0.00759812431296843,0.00128046865411643,0.0274208704770933,0.00438668336957967,4.08003937269554e-10
rs35243581,11,43707364,T,C,0.0220167387343719,0.00754015069316934,0.00350370385488331,0.0266915111399491,0.00435288252601675,8.68268061808936e-10
rs7928523,11,43719101,T,C,0.0220943213184674,0.00753777328375954,0.00337971499749207,0.0266714161944991,0.00435366204766325,9.00011351734843e-10
rs7115970,11,43769295,C,T,0.0179522060197471,0.00758772809915603,0.0179901588984299,0.0240474632918593,0.00438197492860762,4.06938258575461e-08
rs10768976,11,43773813,T,G,0.017515417215415,0.00759725901118081,0.0211459572841078,0.0232792601828991,0.00438859449188002,1.12987789504291e-07
rs7110437,11,43780553,C,A,0.0186657543626644,0.00759947634424306,0.014047621219598,0.0240615289114407,0.00438952837467661,4.21555990730181e-08
rs11555762,11,43876698,T,C,0.0181326588908902,0.00757403391197052,0.0166694122569083,0.023305949272695,0.0043746252774395,9.95571051208195e-08
rs1061810,11,43877934,A,C,0.0189766798209846,0.00771483522965652,0.013908507369519,0.0242695927010967,0.00445656016205472,5.1569329502486e-08
rs1038480,11,133848212,A,G,0.0465306421871895,0.0101420235204133,4.49554051837487e-06,0.0119648104363153,0.00586390302798525,0.0413087590104485
rs55758326,12,50217231,C,T,-0.0169396249752173,0.00703625094916406,0.016069200817095,-0.0181255598063828,0.00406464953787371,8.22213322152324e-06
rs4898534,12,50231025,G,A,0.0162306954321258,0.00704030435493475,0.0211512534632789,0.0198238209052724,0.00406462340800674,1.07623839388048e-06
rs7138803,12,50247468,A,G,0.0232777104386622,0.00725338679941357,0.00133237904428192,0.0256497080855624,0.00418966157917381,9.2324998346372e-10
rs7132908,12,50263148,A,G,0.0196716145163691,0.00722129170953498,0.00645123997959226,0.023816410151193,0.00417118053870202,1.13140323123312e-08
rs73210626,12,91275157,C,T,0.0384979973839741,0.00832727423717828,3.79655276994627e-06,0.0128248057973011,0.00481061159494533,0.00767732074007038
rs7302091,12,94324285,C,T,-0.0244871350152361,0.00712463523211276,0.000589077960069032,-0.0192334692952984,0.00411346931323385,2.92910675088754e-06
rs11057405,12,122781897,A,G,-0.0238999324003515,0.0114001917246083,0.0360507914004731,-0.031302819310215,0.00658068697345902,1.96714347102834e-06
rs7295397,12,123116209,C,T,-0.0245790803580891,0.00792916206972535,0.00193811666784626,-0.0215285609032223,0.00458145815928241,2.61357721807283e-06
rs7397990,12,123119472,T,C,-0.0281181762647996,0.00789243448406417,0.000367673388155972,-0.022063495831948,0.00456075643580116,1.31361139969392e-06
rs12432376,14,25942829,G,A,-0.00827436350932183,0.0078924995787021,0.294470713150524,-0.0201570866915543,0.00456187074175596,9.93418464898457e-06
rs10146997,14,79945162,G,A,0.0195123054959689,0.00842416082367569,0.0205524425553175,0.0215540716863035,0.00486468291276826,9.39168423338265e-06
rs2148563,14,94097287,G,A,-0.0197417233591929,0.00759392876565659,0.00933594372678958,-0.0215153812840645,0.00439302686966462,9.70038306985025e-07
rs2148567,14,94174650,A,C,-0.0195056616666454,0.00731746356355651,0.00768857083494773,-0.0210938953872636,0.00422772267570144,6.05600087204499e-07
rs78795894,14,101126965,T,C,0.03712801883306,0.0101045409344636,0.000238840436874844,0.0302829942346727,0.00583433997287315,2.09758582224399e-07
rs12881629,14,101146413,G,A,0.0416059294023498,0.0128572316766704,0.00121354574488593,0.0390537087271056,0.00741682449657562,1.39765295633019e-07
rs7144997,14,101155432,G,A,0.0446292088074277,0.0120028977970975,0.000201015619115198,0.0370217213543013,0.00693532108602259,9.39044571039602e-08
rs4906356,14,104138701,T,C,0.0277787194870561,0.00746548242271322,0.000198839643326471,0.0194473226512986,0.00431660158097041,6.62982189481208e-06
rs1799796,14,104165927,C,T,0.0288708476964982,0.0074607769825038,0.000109210639664861,0.0204184845758223,0.00430971785861354,2.16074793626478e-06
rs2562768,15,84382953,T,C,-0.0168133305218241,0.00836147460889116,0.0443547112781074,-0.0217639975273518,0.00483303012403857,6.69445979842919e-06
rs34949187,15,89386652,A,G,-0.0276464629125376,0.00898185914312407,0.00208562410378936,-0.0235024684619593,0.00518560907233612,5.83591638743883e-06
rs11637906,15,95258241,T,C,0.0123640429135948,0.00749844882736476,0.0991828525470701,0.019350259971558,0.00433073561914437,7.8908885217704e-06
rs79518513,16,2128670,T,C,-0.0335512792699579,0.0116950221962113,0.00412257666776356,-0.0308601048659408,0.00676500333727886,5.07343539574595e-06
rs78391622,16,2200184,T,C,-0.0359735601082525,0.0113225610725316,0.00148880986308831,-0.0314984188711666,0.0065460281580013,1.49549488593913e-06
rs12444979,16,19933600,T,C,-0.0423031796950204,0.0100705526431133,2.66893693401915e-05,-0.0334321619862633,0.00581153271859465,8.78151623128569e-09
rs9652588,16,20370810,C,T,0.00915323102146702,0.00697424003179046,0.189383877211986,0.0181630299970466,0.00403155184953289,6.6304060868691e-06
rs9652589,16,20370816,C,T,0.00947132136725501,0.00697696627712066,0.174628689636957,0.0187741281458091,0.00403288026688848,3.23563573129923e-06
rs11639856,16,24788645,A,T,-0.024926541397501,0.00885833067765684,0.00489757203714164,-0.0254955415474915,0.00511657093028912,6.26269184047796e-07
rs6497759,16,24801737,A,G,-0.0248192852905213,0.00882106565177613,0.00490166998055346,-0.0248130487280301,0.00509289240898603,1.10421806096072e-06
rs3803716,16,24802325,T,C,-0.0241508255776222,0.00884025525266544,0.00630047588469052,-0.0248750043939923,0.00510656625609895,1.10933609932475e-06
rs2287783,16,24831727,T,C,-0.0231697690487288,0.0088333685444472,0.00872085600052372,-0.0252924066611015,0.00510061752444772,7.09682787306184e-07
rs11646987,16,24832408,T,G,-0.0192282933028463,0.00789120519068051,0.0148289169034054,-0.0228556088066037,0.00455858539021443,5.33792538447277e-07
rs1862450,16,24856775,A,G,-0.0239111731286113,0.00883784680175373,0.00682319171712646,-0.0244265136854179,0.00510246910555861,1.69128635981106e-06
rs2726032,16,28338043,C,T,0.0182601225614806,0.00713432203223479,0.0104879667979646,0.0211862651041303,0.00411374858566986,2.60331241233594e-07
rs34835,16,28499291,G,A,0.0208567043114189,0.00721846047999378,0.00386315877528688,0.0232811717033317,0.00416683598405527,2.30687979979379e-08
rs180743,16,28507644,G,C,0.0198410959932242,0.00719841354938401,0.00584928169942121,0.0235836257787115,0.00415147008079963,1.34074757504279e-08
rs40833,16,28510044,C,G,-0.0104750737086472,0.00706191316441095,0.138000305748615,-0.0181427098566758,0.00407792387407026,8.62684023462328e-06
rs72793809,16,28832382,T,C,0.0220784148585231,0.00719270826854072,0.00214572287599937,0.0268077681975506,0.00414998195405395,1.0488907497663e-10
rs8049439,16,28837515,C,T,0.0230719676993697,0.00716678193315612,0.00128646037216668,0.0266707705964638,0.00413428359601353,1.11024590144935e-10
rs7498665,16,28883241,G,A,0.0213171127936518,0.00721872068077276,0.00314918854007729,0.0255453209858994,0.00416316121534115,8.46042158443308e-10
rs11646653,16,28922149,C,T,0.0182668157106539,0.00744421620980161,0.0141402436501049,0.0233123208380845,0.00429603495422023,5.74782791014977e-08
rs3815824,16,29852860,T,C,0.0284328816228929,0.00988747044697548,0.00403487670643224,0.0254873590361874,0.00571546759665159,8.22026370731204e-06
rs4609871,16,29932064,C,T,-0.0122225819154428,0.00705274245623761,0.0831015869081327,-0.0197650514445616,0.00407260991712103,1.21505981285959e-06
rs12716972,16,29936654,A,G,-0.0134575610169527,0.00707206288643158,0.0570608708688969,-0.0191900906503334,0.00408322943472102,2.60501062797407e-06
rs4788190,16,29948401,G,A,-0.0127234405592009,0.00706425679257845,0.0716971445575775,-0.0194334384177975,0.00407834313423428,1.88823019576013e-06
rs11642046,16,29993108,G,C,0.0148233280440355,0.00702825163705056,0.0349438178052267,0.0219308283620195,0.00405880842362755,6.54376942008876e-08
rs4077410,16,29998200,A,G,-0.0163367426328581,0.00701997480622006,0.0199624278030802,-0.0185471156341615,0.00405373886684499,4.75513297703002e-06
rs3814878,16,30041966,G,A,0.0173281593589662,0.0070294685283443,0.0137041515792801,0.0187844109673126,0.00406027773604212,3.72102016046736e-06
rs8060511,16,30101596,A,C,0.0167337127754943,0.00701525689569505,0.0170700124753973,0.0179491123322279,0.00405213860877813,9.44340510443248e-06
rs7205802,16,30114124,T,C,0.0161972134989541,0.00700582749502341,0.0207865686446263,0.0185940261813939,0.00404654439534007,4.32669943093545e-06
rs7201780,16,30147265,T,C,-0.0126257592016756,0.00709395850494265,0.075120584724673,-0.0191793907088532,0.00409432408258553,2.80801637217898e-06
rs6499640,16,53769677,G,A,-0.020732211465798,0.00718715214656611,0.00392168115444853,-0.0197303648171774,0.00415081906009344,2.00057088299231e-06
rs9940128,16,53800754,A,G,0.0505021689464977,0.00711209270292121,1.26760165784494e-12,0.0454862663050257,0.00410707106513325,1.65675456164554e-28
rs2058908,16,53806145,T,C,-0.0359729201229426,0.00795760957386211,6.1913631316517e-06,-0.0378843313495021,0.00459683682811541,1.70219442046838e-16
rs1121980,16,53809247,A,G,0.0514937689393698,0.00710753085213671,4.43152115993152e-13,0.0461301774754284,0.00410561120285361,2.71755299485189e-29
rs17817449,16,53813367,G,T,0.0532062397583336,0.00720443282338572,1.56234230072124e-13,0.0477109248879399,0.00415744600229018,1.74116440558799e-30
rs8050136,16,53816275,A,C,0.0540120758415484,0.00720622879762988,6.80534724511446e-14,0.0481380172443578,0.00415827793801791,5.42583307074568e-31
rs9939609,16,53820527,A,T,0.0529547634432955,0.00720182951218994,1.98888894585386e-13,0.0476205401739405,0.00415597956967911,2.13620345944371e-30
rs7202116,16,53821615,G,A,0.0535544983695867,0.00720755964420552,1.11262859010036e-13,0.0479057106349549,0.00416072847929904,1.12440114354454e-30
rs9941349,16,53825488,T,C,0.0502667222376147,0.00717271940802147,2.46871555337597e-12,0.0435616063500183,0.00414158571358542,7.12979531806841e-26
rs1634976,16,63149721,G,A,0.0288862325790543,0.0101875410128332,0.00457927613575281,0.0281624862462959,0.00588680520379583,1.71839208054214e-06
rs9900038,17,56169763,A,G,0.0360628619099571,0.00814955651107995,9.67277995681848e-06,0.019012832876036,0.00470414029378733,5.30598474891053e-05
rs3897645,18,57728947,T,C,0.00479277564758345,0.00710832914453006,0.50015903529281,0.0205899822081138,0.00409949424376386,5.09855512828209e-07
rs36030660,18,57735945,C,T,0.0223773250932614,0.00794216350974383,0.0048425963254932,0.0351621095694217,0.0045841086385778,1.71413367962153e-14
rs7240566,18,57744189,G,A,0.0247858586594804,0.0081582755635144,0.00238263235830309,0.0376174866357876,0.00470563033801272,1.30477168185907e-15
rs35981845,18,57758860,G,A,0.0161845943646943,0.0074297589669598,0.0293880771834762,0.0291210053214586,0.00429086738735277,1.14694895550095e-11
rs571312,18,57839769,A,C,0.0293752887374169,0.00832736464055051,0.000420042387498408,0.0409486084361928,0.0048015445019373,1.48621899291442e-17
rs17782313,18,57851097,C,T,0.0307121685842646,0.0083510310056616,0.000235810241459629,0.0413718603209932,0.00481343645526606,8.32084783795381e-18
rs489693,18,57882787,A,C,0.024950661915399,0.00751565951360082,0.000901834240459056,0.0319989178855318,0.00433461577494037,1.5571738615885e-13
rs12970134,18,57884750,A,G,0.0302177873046881,0.00797568383924179,0.000151714029331296,0.037646147367738,0.00459786499134697,2.66165403315311e-16
rs17700759,18,57959015,C,T,0.0251588350086861,0.00753040898054965,0.000835912020122983,0.0265687770099099,0.00434677594827707,9.82084069155781e-10
rs17773430,18,57963117,C,T,0.0225847746213221,0.00758803025797525,0.00291920552694307,0.028746180229907,0.0043776362655258,5.1477561240691e-11
rs9675886,18,57969322,G,A,0.0247457263927023,0.00785165729264356,0.00162509634472859,0.0282989794175493,0.00452934392914184,4.15954087154446e-10
rs76671217,18,58050672,C,T,0.0395046014428719,0.0155771026040117,0.0112155859565184,0.0427013703257724,0.00899704844984831,2.07321705242693e-06
rs401502,19,18180413,G,C,0.0246716739939953,0.00754946499403078,0.00108433010162624,0.0208219850934401,0.00435913717691634,1.7825739395435e-06
rs375947,19,18180451,G,A,0.0253598375356447,0.00752990650402349,0.000758448084229213,0.0213763488963459,0.00434699862833772,8.76581929821563e-07
rs365179,19,18181278,T,C,0.0235423645051699,0.00756207737335712,0.00185238862888378,0.0198753745276576,0.00436618942569331,5.31105536479887e-06
rs11575934,19,18186618,C,T,0.0245070944721277,0.00758614834534729,0.00123707544409314,0.0206489965442536,0.00437785693733126,2.39711832339415e-06
rs436857,19,18197635,A,G,0.0343035202444325,0.00872281270811102,8.42165385155626e-05,0.0258285871831841,0.00503464268983831,2.89476260499951e-07
rs11086089,19,18214031,T,C,0.0185147639020133,0.00714705012583154,0.00958708551759016,0.0262736235893473,0.00412583267894675,1.91411795605865e-10
rs273506,19,18221647,T,C,0.0220649021142999,0.00705538830224529,0.00176541181181252,0.0262720040126193,0.00407281076665934,1.11420668567982e-10
rs11666281,19,18234588,T,C,0.0307426442993123,0.00805456322346141,0.000135470860302201,0.0273633110027554,0.00465621255887242,4.18446091454041e-09
rs885683,19,18244690,A,G,0.0301726838489793,0.0080020780402806,0.000163168444965358,0.0263643809446773,0.00462448046002909,1.19073723008464e-08
rs8108738,19,18255359,G,A,0.0180094080715741,0.0070966365693797,0.0111622636804318,0.0194758555600405,0.00408961866578167,1.91430272593542e-06
rs11554159,19,18285944,A,G,0.0333423919589592,0.00791480706218978,2.53128296290375e-05,0.0260182176639829,0.00457038504949264,1.24984017044022e-08
rs874628,19,18304700,G,A,0.0328574220174907,0.00777681580535691,2.3960518002257e-05,0.0272786928171005,0.00448939402569536,1.23023448422829e-09
rs4808762,19,18326222,C,T,0.0338662523288014,0.00776415531152941,1.29390884430429e-05,0.0306454040906522,0.00447966563594744,7.86408502192295e-12
rs34726,19,30370370,C,T,0.00911388249379453,0.00701067870867763,0.193611103769841,0.0180455202095296,0.00404974699623886,8.35176833182219e-06
rs2075650,19,45395619,G,A,-0.0236330755279366,0.00998353572933063,0.0179294092394536,-0.0363826014787727,0.00575607158834231,2.60322605417856e-10
rs769449,19,45410002,A,G,-0.0257681507164461,0.0106497491903253,0.0155435237916312,-0.0443994413325832,0.00613254390239483,4.48779977887116e-13
rs4420638,19,45422946,G,A,-0.0232025861564633,0.00901836811394357,0.0100923670176996,-0.0400586907955401,0.00519294529778742,1.21877280489461e-14
rs34783010,19,46180414,T,G,-0.0079517785138345,0.00888826753353521,0.370988122503127,-0.0260877055124139,0.0051308375410556,3.68610137575096e-07
rs1800437,19,46181392,C,G,-0.00938751042453628,0.00885428808332261,0.289052306441002,-0.0270171889336362,0.00510878130758968,1.23402815418399e-07
rs10423928,19,46182304,A,T,-0.010856075553018,0.00898949768068089,0.227195734399957,-0.0265774293254469,0.00519020388505005,3.0441842065138e-07
rs1741344,20,4101800,C,T,0.0185564573443757,0.00723549284355741,0.0103330894642009,0.0201680084003285,0.00418108449703213,1.40968173418967e-06
rs4813803,20,6701426,T,C,-0.0198982058816868,0.0087542762495701,0.0230351535734769,-0.0230762183780435,0.00505196063341427,4.92929254650272e-06
rs17123518,20,31248265,T,C,-0.0390324535971212,0.015562753457441,0.0121446209941558,-0.0421102827097173,0.00897854948094013,2.73073374857698e-06
rs2425024,20,33844938,C,A,0.0316628729827208,0.00745655613932531,2.17980449599418e-05,0.0232635342108839,0.00431132368541096,6.81753882029164e-08
rs6088792,20,33909784,T,C,0.0233991003381863,0.00764832311693978,0.00221996653277051,0.0251728496500367,0.00442322058985654,1.26247131774816e-08
rs12481228,20,34218673,C,G,0.0302780365038136,0.0116998188911611,0.00966084401613882,0.0306839434151049,0.00675116622027431,5.49393900257853e-06
rs6060535,20,34235522,T,C,0.0323201429075319,0.0116818105593157,0.00566608378772548,0.0302639797759302,0.00674354358962909,7.19471723408197e-06
rs7273668,20,34442731,A,G,0.0314592167175046,0.0116114578357866,0.00674590906824018,0.0321929525567275,0.00670143546075328,1.55613065572499e-06
rs2425173,20,34445142,A,G,0.0304981942880037,0.0102241741125192,0.00285719572340047,0.0288636409972492,0.00590212984211449,1.00642948474615e-06
rs17431878,20,34502107,A,G,0.0273202630807236,0.0117983801672293,0.0205872349026404,0.0314125858760615,0.00680703379246697,3.93617022922962e-06
rs7265718,20,34635441,G,T,0.0261663456374729,0.0102631800761073,0.0107917707032769,0.0270600161715525,0.0059238143309565,4.92387223838814e-06
rs12480223,20,45589259,A,C,-0.0241346984519285,0.00719445051249763,0.000795721796303146,-0.0193813602866429,0.00414825454685754,2.98030675965725e-06
rs13043958,20,50811964,G,A,-0.0191376108706423,0.00777579852939596,0.0138539515512108,-0.0225086110124708,0.0044890134747507,5.32669327779024e-07
rs76940960,20,51183126,G,A,-0.0158561208157824,0.0125902326470011,0.207896390941475,-0.0369616277580281,0.00727113591274445,3.70862583372031e-07
rs4920017,21,44396275,G,A,-0.0459293375557845,0.0125106424591623,0.000241833090444107,-0.035091968594827,0.00723015252850564,1.21265519406766e-06
rs234774,21,44425201,T,C,-0.040674235909217,0.0123790268449861,0.00101834005395379,-0.0326222991031374,0.00716172752114157,5.23636519068961e-06
